customer,latitude,longitude,priority,weight_kg
Aker Brygge Shop,59.9105,10.7305,High,3.5
Grünerløkka Cafe,59.9227,10.7579,Medium,2.1
Majorstuen Store,59.9299,10.7154,High,5.0
Frogner Park Office,59.9275,10.7008,Low,1.5
Tøyen Community Center,59.9207,10.7687,Medium,4.2
Sentrum Hotel,59.9127,10.7461,High,2.8
Grønland Market,59.9132,10.7603,Medium,3.3
Bislett Stadium,59.9255,10.7354,Low,6.1
Solli Plass,59.9183,10.7089,High,2.0
Nationaltheatret,59.9148,10.7354,Medium,3.7